"Name", "Stmts", "Miss", "Cover"
"scaralang/__init__.py", "9", "0", "100%"
"scaralang/core/__init__.py", "9", "0", "100%"
"scaralang/core/model/__init__.py", "9", "0", "100%"
"scaralang/core/model/dsl/__init__.py", "9", "0", "100%"
"scaralang/core/model/dsl/ast/__init__.py", "9", "0", "100%"
"scaralang/core/model/dsl/ast/command_type.py", "47", "0", "100%"
"scaralang/core/model/dsl/ast/instruction.py", "18", "0", "100%"
"scaralang/core/model/dsl/ast/instruction_param.py", "57", "0", "100%"
"scaralang/core/model/dsl/ast/jog_axis.py", "16", "0", "100%"
"scaralang/core/model/dsl/ast/pneumatic_state.py", "14", "0", "100%"
"scaralang/core/model/dsl/ast/program.py", "14", "0", "100%"
"scaralang/core/model/dsl/ast/speed_mode.py", "14", "0", "100%"
"scaralang/core/model/dsl/ast/tool_orient_mode.py", "15", "0", "100%"
"scaralang/core/model/dsl/ast/tool_position.py", "14", "0", "100%"
"scaralang/core/model/dsl/ast/zone_mode.py", "15", "0", "100%"
"scaralang/core/model/dsl/binary/__init__.py", "9", "0", "100%"
"scaralang/core/model/dsl/binary/binary_program_telemetry.py", "21", "0", "100%"
"scaralang/core/model/dsl/binary/disassembled_frame.py", "17", "0", "100%"
"scaralang/core/model/dsl/binary/disassembly_summary.py", "18", "0", "100%"
"scaralang/core/model/dsl/binary/parsed_command_token.py", "16", "0", "100%"
"scaralang/core/model/dsl/binary/program.py", "20", "0", "100%"
"scaralang/core/model/dsl/binary/step.py", "19", "0", "100%"
"scaralang/core/model/dsl/compiler/__init__.py", "9", "0", "100%"
"scaralang/core/model/dsl/compiler/arc_geometry.py", "20", "0", "100%"
"scaralang/core/model/dsl/compiler/control_waypoint_descriptor.py", "16", "0", "100%"
"scaralang/core/model/dsl/compiler/scara_compiler_context.py", "34", "0", "100%"
"scaralang/core/model/dsl/diagnostic/__init__.py", "9", "0", "100%"
"scaralang/core/model/dsl/diagnostic/scara_diagnostic.py", "18", "0", "100%"
"scaralang/core/model/dsl/diagnostic/scara_diagnostic_code.py", "23", "0", "100%"
"scaralang/core/model/dsl/diagnostic/scara_diagnostic_severity.py", "15", "0", "100%"
"scaralang/core/model/dsl/exporter/__init__.py", "9", "0", "100%"
"scaralang/core/model/dsl/exporter/export_format.py", "17", "0", "100%"
"scaralang/core/model/dsl/linter/__init__.py", "9", "0", "100%"
"scaralang/core/model/dsl/linter/scara_lint_context.py", "22", "0", "100%"
"scaralang/core/model/dsl/macro/__init__.py", "9", "0", "100%"
"scaralang/core/model/dsl/macro/pallet_definition.py", "19", "0", "100%"
"scaralang/core/model/dsl/macro/work_frame.py", "15", "0", "100%"
"scaralang/core/model/dsl/token/__init__.py", "9", "0", "100%"
"scaralang/core/model/dsl/token/lexer_pattern_kind.py", "22", "0", "100%"
"scaralang/core/model/dsl/token/scara_token.py", "17", "0", "100%"
"scaralang/core/model/dsl/token/scara_token_type.py", "23", "0", "100%"
"scaralang/core/model/kinematics/__init__.py", "9", "0", "100%"
"scaralang/core/model/kinematics/elbow_config.py", "14", "0", "100%"
"scaralang/core/model/kinematics/point_2d.py", "14", "0", "100%"
"scaralang/core/model/kinematics/scara_bounds.py", "29", "0", "100%"
"scaralang/core/model/kinematics/transmission_parameters.py", "18", "0", "100%"
"scaralang/core/model/motor/__init__.py", "9", "0", "100%"
"scaralang/core/model/motor/axis_mask.py", "18", "0", "100%"
"scaralang/core/model/motor/motor_config.py", "18", "0", "100%"
"scaralang/core/model/motor/motor_drive_mode.py", "14", "0", "100%"
"scaralang/core/model/motor/motor_interface_type.py", "15", "0", "100%"
"scaralang/core/model/protocol/__init__.py", "9", "0", "100%"
"scaralang/core/model/protocol/binary_delimiter.py", "15", "0", "100%"
"scaralang/core/model/protocol/binary_frame.py", "17", "0", "100%"
"scaralang/core/model/protocol/error_code.py", "21", "0", "100%"
"scaralang/core/model/protocol/joint_steps.py", "18", "0", "100%"
"scaralang/core/model/protocol/message_id.py", "41", "0", "100%"
"scaralang/core/model/protocol/motor_wire_mode.py", "14", "0", "100%"
"scaralang/core/model/protocol/tool_id.py", "13", "0", "100%"
"scaralang/core/model/repl/__init__.py", "9", "0", "100%"
"scaralang/core/model/repl/repl_dispatch_result.py", "15", "0", "100%"
"scaralang/core/model/repl/repl_session_context.py", "23", "0", "100%"
"scaralang/core/model/trajectory/__init__.py", "9", "0", "100%"
"scaralang/core/model/trajectory/arc_point.py", "15", "0", "100%"
"scaralang/core/model/trajectory/axis_peak_metric.py", "16", "0", "100%"
"scaralang/core/model/trajectory/bottleneck_incident.py", "16", "0", "100%"
"scaralang/core/model/trajectory/circle_geometry.py", "17", "0", "100%"
"scaralang/core/model/trajectory/trajectory_cycle_report.py", "18", "0", "100%"
"scaralang/core/model/trajectory/validation_result.py", "15", "0", "100%"
"scaralang/core/model/trajectory/waypoint.py", "19", "0", "100%"
"scaralang/core/service/__init__.py", "9", "0", "100%"
"scaralang/core/service/compiler/__init__.py", "9", "0", "100%"
"scaralang/core/service/compiler/binary/__init__.py", "9", "0", "100%"
"scaralang/core/service/compiler/binary/binary_compiler.py", "27", "0", "100%"
"scaralang/core/service/compiler/binary/binary_compiler_factory.py", "20", "0", "100%"
"scaralang/core/service/compiler/binary/command/__init__.py", "9", "0", "100%"
"scaralang/core/service/compiler/binary/command/command_compiler.py", "56", "0", "100%"
"scaralang/core/service/compiler/binary/command/command_compiler_factory.py", "31", "0", "100%"
"scaralang/core/service/compiler/binary/command/icommand_compiler.py", "14", "0", "100%"
"scaralang/core/service/compiler/binary/command/motor/__init__.py", "9", "0", "100%"
"scaralang/core/service/compiler/binary/command/motor/imotor_frame_builder.py", "14", "0", "100%"
"scaralang/core/service/compiler/binary/command/motor/motor_frame_builder.py", "21", "0", "100%"
"scaralang/core/service/compiler/binary/command/motor/motor_frame_builder_factory.py", "19", "0", "100%"
"scaralang/core/service/compiler/binary/command/tokens/__init__.py", "9", "0", "100%"
"scaralang/core/service/compiler/binary/command/tokens/command_token_parser.py", "22", "0", "100%"
"scaralang/core/service/compiler/binary/command/tokens/command_token_parser_factory.py", "18", "0", "100%"
"scaralang/core/service/compiler/binary/command/tokens/icommand_token_parser.py", "17", "0", "100%"
"scaralang/core/service/compiler/binary/command/tool/__init__.py", "9", "0", "100%"
"scaralang/core/service/compiler/binary/command/tool/itool_frame_builder.py", "16", "0", "100%"
"scaralang/core/service/compiler/binary/command/tool/tool_frame_builder.py", "20", "0", "100%"
"scaralang/core/service/compiler/binary/command/tool/tool_frame_builder_factory.py", "19", "0", "100%"
"scaralang/core/service/compiler/binary/ibinary_compiler.py", "15", "0", "100%"
"scaralang/core/service/compiler/binary/metrics/__init__.py", "9", "0", "100%"
"scaralang/core/service/compiler/binary/metrics/binary_metrics_calculator.py", "26", "0", "100%"
"scaralang/core/service/compiler/binary/metrics/binary_metrics_calculator_factory.py", "18", "0", "100%"
"scaralang/core/service/compiler/binary/metrics/ibinary_metrics_calculator.py", "17", "0", "100%"
"scaralang/core/service/compiler/binary/motion/__init__.py", "9", "0", "100%"
"scaralang/core/service/compiler/binary/motion/imotion_compiler.py", "15", "0", "100%"
"scaralang/core/service/compiler/binary/motion/motion_compiler.py", "27", "0", "100%"
"scaralang/core/service/compiler/binary/motion/motion_compiler_factory.py", "20", "0", "100%"
"scaralang/core/service/compiler/binary/step/__init__.py", "9", "0", "100%"
"scaralang/core/service/compiler/binary/step/istep_discretizer.py", "16", "0", "100%"
"scaralang/core/service/compiler/binary/step/iwaypoint_step_dispatcher.py", "16", "0", "100%"
"scaralang/core/service/compiler/binary/step/step_discretizer.py", "40", "2", "95%"
"scaralang/core/service/compiler/binary/step/step_discretizer_factory.py", "20", "0", "100%"
"scaralang/core/service/compiler/binary/step/waypoint_step_dispatcher.py", "31", "0", "100%"
"scaralang/core/service/compiler/binary/step/waypoint_step_dispatcher_factory.py", "20", "0", "100%"
"scaralang/core/service/compiler/frame/__init__.py", "9", "0", "100%"
"scaralang/core/service/compiler/frame/frame_transformer.py", "21", "0", "100%"
"scaralang/core/service/compiler/frame/frame_transformer_factory.py", "18", "0", "100%"
"scaralang/core/service/compiler/frame/iframe_transformer.py", "14", "0", "100%"
"scaralang/core/service/compiler/iinstruction_pipeline.py", "16", "0", "100%"
"scaralang/core/service/compiler/instruction_pipeline.py", "35", "4", "89%"
"scaralang/core/service/compiler/instruction_pipeline_factory.py", "27", "1", "96%"
"scaralang/core/service/compiler/iprimitive_instruction_processor.py", "17", "0", "100%"
"scaralang/core/service/compiler/iscara_compiler.py", "16", "0", "100%"
"scaralang/core/service/compiler/macro/__init__.py", "9", "0", "100%"
"scaralang/core/service/compiler/macro/frame_macro_expander.py", "24", "0", "100%"
"scaralang/core/service/compiler/macro/frame_macro_expander_factory.py", "18", "0", "100%"
"scaralang/core/service/compiler/macro/imacro_expander.py", "16", "0", "100%"
"scaralang/core/service/compiler/macro/jump_macro_expander.py", "34", "0", "100%"
"scaralang/core/service/compiler/macro/jump_macro_expander_factory.py", "18", "0", "100%"
"scaralang/core/service/compiler/macro/pallet_macro_expander.py", "41", "0", "100%"
"scaralang/core/service/compiler/macro/pallet_macro_expander_factory.py", "23", "0", "100%"
"scaralang/core/service/compiler/macro/tangent_macro_expander.py", "34", "0", "100%"
"scaralang/core/service/compiler/macro/tangent_macro_expander_factory.py", "17", "0", "100%"
"scaralang/core/service/compiler/motion/__init__.py", "9", "0", "100%"
"scaralang/core/service/compiler/motion/arc/__init__.py", "9", "0", "100%"
"scaralang/core/service/compiler/motion/arc/arc_move_compiler.py", "39", "0", "100%"
"scaralang/core/service/compiler/motion/arc/arc_move_compiler_factory.py", "29", "1", "97%"
"scaralang/core/service/compiler/motion/arc/builder/__init__.py", "9", "0", "100%"
"scaralang/core/service/compiler/motion/arc/builder/arc_waypoint_builder.py", "21", "0", "100%"
"scaralang/core/service/compiler/motion/arc/builder/arc_waypoint_builder_factory.py", "18", "0", "100%"
"scaralang/core/service/compiler/motion/arc/builder/iarc_waypoint_builder.py", "18", "0", "100%"
"scaralang/core/service/compiler/motion/arc/calculator/__init__.py", "9", "0", "100%"
"scaralang/core/service/compiler/motion/arc/calculator/arc_point_calculator.py", "34", "0", "100%"
"scaralang/core/service/compiler/motion/arc/calculator/arc_point_calculator_factory.py", "28", "1", "96%"
"scaralang/core/service/compiler/motion/arc/calculator/iarc_point_calculator.py", "19", "0", "100%"
"scaralang/core/service/compiler/motion/arc/interpolation/__init__.py", "9", "0", "100%"
"scaralang/core/service/compiler/motion/arc/interpolation/arc_interpolator.py", "47", "1", "98%"
"scaralang/core/service/compiler/motion/arc/interpolation/arc_interpolator_factory.py", "18", "0", "100%"
"scaralang/core/service/compiler/motion/arc/interpolation/iarc_interpolator.py", "16", "0", "100%"
"scaralang/core/service/compiler/motion/cartesian/__init__.py", "9", "0", "100%"
"scaralang/core/service/compiler/motion/cartesian/cartesian_move_compiler.py", "44", "0", "100%"
"scaralang/core/service/compiler/motion/cartesian/cartesian_move_compiler_factory.py", "28", "0", "100%"
"scaralang/core/service/compiler/motion/imotion_sub_compiler.py", "18", "0", "100%"
"scaralang/core/service/compiler/motion/motion_command_compiler.py", "33", "0", "100%"
"scaralang/core/service/compiler/motion/motion_command_compiler_factory.py", "26", "0", "100%"
"scaralang/core/service/compiler/motion/vertical/__init__.py", "9", "0", "100%"
"scaralang/core/service/compiler/motion/vertical/vertical_move_compiler.py", "33", "0", "100%"
"scaralang/core/service/compiler/motion/vertical/vertical_move_compiler_factory.py", "18", "0", "100%"
"scaralang/core/service/compiler/primitive/__init__.py", "9", "0", "100%"
"scaralang/core/service/compiler/primitive/control/__init__.py", "9", "0", "100%"
"scaralang/core/service/compiler/primitive/control/control_command_compiler.py", "41", "0", "100%"
"scaralang/core/service/compiler/primitive/control/control_command_compiler_factory.py", "23", "0", "100%"
"scaralang/core/service/compiler/primitive/control/control_waypoint_builder.py", "16", "0", "100%"
"scaralang/core/service/compiler/primitive/control/control_waypoint_builder_factory.py", "18", "0", "100%"
"scaralang/core/service/compiler/primitive/control/icontrol_waypoint_builder.py", "17", "0", "100%"
"scaralang/core/service/compiler/primitive/iprimitive_compiler.py", "17", "0", "100%"
"scaralang/core/service/compiler/primitive/state/__init__.py", "9", "0", "100%"
"scaralang/core/service/compiler/primitive/state/state_command_compiler.py", "47", "0", "100%"
"scaralang/core/service/compiler/primitive/state/state_command_compiler_factory.py", "18", "0", "100%"
"scaralang/core/service/compiler/primitive/tool/__init__.py", "9", "0", "100%"
"scaralang/core/service/compiler/primitive/tool/itool_waypoint_builder.py", "18", "0", "100%"
"scaralang/core/service/compiler/primitive/tool/tool_command_compiler.py", "33", "0", "100%"
"scaralang/core/service/compiler/primitive/tool/tool_command_compiler_factory.py", "23", "0", "100%"
"scaralang/core/service/compiler/primitive/tool/tool_waypoint_builder.py", "21", "0", "100%"
"scaralang/core/service/compiler/primitive/tool/tool_waypoint_builder_factory.py", "18", "0", "100%"
"scaralang/core/service/compiler/primitive_instruction_processor.py", "23", "0", "100%"
"scaralang/core/service/compiler/primitive_instruction_processor_factory.py", "20", "0", "100%"
"scaralang/core/service/compiler/scara_compiler.py", "31", "0", "100%"
"scaralang/core/service/compiler/scara_compiler_factory.py", "43", "0", "100%"
"scaralang/core/service/disassembler/__init__.py", "9", "0", "100%"
"scaralang/core/service/disassembler/frame_detail_decoder.py", "62", "0", "100%"
"scaralang/core/service/disassembler/frame_detail_decoder_factory.py", "18", "0", "100%"
"scaralang/core/service/disassembler/iframe_detail_decoder.py", "16", "0", "100%"
"scaralang/core/service/disassembler/iscara_disassembler.py", "19", "0", "100%"
"scaralang/core/service/disassembler/scara_disassembler.py", "32", "0", "100%"
"scaralang/core/service/disassembler/scara_disassembler_factory.py", "20", "0", "100%"
"scaralang/core/service/dsl/__init__.py", "9", "0", "100%"
"scaralang/core/service/dsl/binary/__init__.py", "9", "0", "100%"
"scaralang/core/service/dsl/binary/binary_service.py", "30", "0", "100%"
"scaralang/core/service/dsl/binary/binary_service_factory.py", "39", "0", "100%"
"scaralang/core/service/dsl/binary/ibinary_service.py", "21", "0", "100%"
"scaralang/core/service/dsl/compilation/__init__.py", "9", "0", "100%"
"scaralang/core/service/dsl/compilation/iscara_dsl_compiler.py", "17", "0", "100%"
"scaralang/core/service/dsl/compilation/scara_dsl_compiler.py", "30", "0", "100%"
"scaralang/core/service/dsl/compilation/scara_dsl_compiler_factory.py", "21", "0", "100%"
"scaralang/core/service/dsl/iscara_dsl_binary_compiler.py", "20", "0", "100%"
"scaralang/core/service/dsl/iscara_dsl_disassembler.py", "17", "0", "100%"
"scaralang/core/service/dsl/iscara_dsl_info_provider.py", "14", "0", "100%"
"scaralang/core/service/dsl/iscara_dsl_linter.py", "15", "0", "100%"
"scaralang/core/service/dsl/iscara_dsl_service.py", "20", "0", "100%"
"scaralang/core/service/dsl/iscara_dsl_validator.py", "17", "0", "100%"
"scaralang/core/service/dsl/scara_dsl_bundle.py", "22", "0", "100%"
"scaralang/core/service/dsl/scara_dsl_pipeline_bundle.py", "24", "0", "100%"
"scaralang/core/service/dsl/scara_dsl_service.py", "67", "1", "99%"
"scaralang/core/service/dsl/scara_dsl_service_factory.py", "50", "0", "100%"
"scaralang/core/service/dsl/toolchain/__init__.py", "9", "0", "100%"
"scaralang/core/service/dsl/toolchain/itoolchain_info_provider.py", "15", "0", "100%"
"scaralang/core/service/dsl/toolchain/toolchain_info_provider.py", "19", "0", "100%"
"scaralang/core/service/dsl/toolchain/toolchain_info_provider_factory.py", "18", "0", "100%"
"scaralang/core/service/dsl/validation/__init__.py", "9", "0", "100%"
"scaralang/core/service/dsl/validation/scara_script_validator.py", "42", "0", "100%"
"scaralang/core/service/dsl/validation/scara_script_validator_factory.py", "21", "0", "100%"
"scaralang/core/service/exporter/__init__.py", "9", "0", "100%"
"scaralang/core/service/exporter/csv/__init__.py", "9", "0", "100%"
"scaralang/core/service/exporter/csv/csv_trajectory_exporter.py", "19", "0", "100%"
"scaralang/core/service/exporter/csv/csv_trajectory_exporter_factory.py", "18", "0", "100%"
"scaralang/core/service/exporter/csv/icsv_trajectory_exporter.py", "17", "0", "100%"
"scaralang/core/service/exporter/export_dispatcher_bundle.py", "22", "0", "100%"
"scaralang/core/service/exporter/export_target_dispatcher.py", "43", "0", "100%"
"scaralang/core/service/exporter/export_target_dispatcher_factory.py", "28", "0", "100%"
"scaralang/core/service/exporter/gcode/__init__.py", "9", "0", "100%"
"scaralang/core/service/exporter/gcode/gcode_exporter.py", "24", "0", "100%"
"scaralang/core/service/exporter/gcode/gcode_exporter_factory.py", "18", "0", "100%"
"scaralang/core/service/exporter/gcode/igcode_exporter.py", "17", "0", "100%"
"scaralang/core/service/exporter/iexport_target_dispatcher.py", "17", "0", "100%"
"scaralang/core/service/exporter/json/__init__.py", "9", "0", "100%"
"scaralang/core/service/exporter/json/ijson_trajectory_exporter.py", "17", "0", "100%"
"scaralang/core/service/exporter/json/json_trajectory_exporter.py", "18", "0", "100%"
"scaralang/core/service/exporter/json/json_trajectory_exporter_factory.py", "18", "0", "100%"
"scaralang/core/service/exporter/scara/__init__.py", "9", "0", "100%"
"scaralang/core/service/exporter/scara/iscara_plan_exporter.py", "17", "0", "100%"
"scaralang/core/service/exporter/scara/scara_plan_exporter.py", "27", "0", "100%"
"scaralang/core/service/exporter/scara/scara_plan_exporter_factory.py", "18", "0", "100%"
"scaralang/core/service/exporter/scara/scara_program_serializer.py", "18", "0", "100%"
"scaralang/core/service/exporter/scara/scara_source_generator.py", "22", "0", "100%"
"scaralang/core/service/exporter/svg/__init__.py", "9", "0", "100%"
"scaralang/core/service/exporter/svg/isvg_trajectory_exporter.py", "18", "0", "100%"
"scaralang/core/service/exporter/svg/svg_trajectory_exporter.py", "25", "0", "100%"
"scaralang/core/service/exporter/svg/svg_trajectory_exporter_factory.py", "18", "0", "100%"
"scaralang/core/service/kinematics/__init__.py", "9", "0", "100%"
"scaralang/core/service/kinematics/default_scara_profile.py", "21", "0", "100%"
"scaralang/core/service/kinematics/ikinematics_service.py", "24", "0", "100%"
"scaralang/core/service/kinematics/kinematics_service.py", "89", "4", "96%"
"scaralang/core/service/kinematics/kinematics_service_factory.py", "23", "0", "100%"
"scaralang/core/service/kinematics/transmission/__init__.py", "9", "0", "100%"
"scaralang/core/service/kinematics/transmission/ijoint_step_transmission_converter.py", "17", "0", "100%"
"scaralang/core/service/kinematics/transmission/joint_step_transmission_converter.py", "32", "0", "100%"
"scaralang/core/service/kinematics/transmission/joint_step_transmission_converter_factory.py", "23", "0", "100%"
"scaralang/core/service/linter/__init__.py", "9", "0", "100%"
"scaralang/core/service/linter/diagnostic/__init__.py", "9", "0", "100%"
"scaralang/core/service/linter/diagnostic/iscara_diagnostic_formatter.py", "16", "0", "100%"
"scaralang/core/service/linter/diagnostic/scara_diagnostic_formatter.py", "18", "0", "100%"
"scaralang/core/service/linter/diagnostic/scara_diagnostic_formatter_factory.py", "18", "0", "100%"
"scaralang/core/service/linter/iscara_linter.py", "19", "0", "100%"
"scaralang/core/service/linter/rules/__init__.py", "9", "0", "100%"
"scaralang/core/service/linter/rules/iscara_lint_rule.py", "18", "0", "100%"
"scaralang/core/service/linter/rules/motion/__init__.py", "9", "0", "100%"
"scaralang/core/service/linter/rules/motion/imotion_calibration_validator.py", "19", "0", "100%"
"scaralang/core/service/linter/rules/motion/imotion_duplicate_validator.py", "19", "0", "100%"
"scaralang/core/service/linter/rules/motion/motion_calibration_validator.py", "22", "1", "95%"
"scaralang/core/service/linter/rules/motion/motion_calibration_validator_factory.py", "18", "0", "100%"
"scaralang/core/service/linter/rules/motion/motion_duplicate_validator.py", "39", "1", "97%"
"scaralang/core/service/linter/rules/motion/motion_duplicate_validator_factory.py", "18", "0", "100%"
"scaralang/core/service/linter/rules/motion/motion_lint_rule.py", "34", "0", "100%"
"scaralang/core/service/linter/rules/motion/motion_lint_rule_factory.py", "25", "0", "100%"
"scaralang/core/service/linter/rules/pneumatic/__init__.py", "9", "0", "100%"
"scaralang/core/service/linter/rules/pneumatic/ipneumatic_conflict_validator.py", "19", "0", "100%"
"scaralang/core/service/linter/rules/pneumatic/ipneumatic_flyby_validator.py", "19", "0", "100%"
"scaralang/core/service/linter/rules/pneumatic/ipneumatic_redundancy_validator.py", "19", "0", "100%"
"scaralang/core/service/linter/rules/pneumatic/pneumatic_conflict_validator.py", "32", "1", "97%"
"scaralang/core/service/linter/rules/pneumatic/pneumatic_conflict_validator_factory.py", "18", "0", "100%"
"scaralang/core/service/linter/rules/pneumatic/pneumatic_flyby_validator.py", "25", "1", "96%"
"scaralang/core/service/linter/rules/pneumatic/pneumatic_flyby_validator_factory.py", "18", "0", "100%"
"scaralang/core/service/linter/rules/pneumatic/pneumatic_lint_rule.py", "42", "0", "100%"
"scaralang/core/service/linter/rules/pneumatic/pneumatic_lint_rule_factory.py", "27", "0", "100%"
"scaralang/core/service/linter/rules/pneumatic/pneumatic_redundancy_validator.py", "32", "1", "97%"
"scaralang/core/service/linter/rules/pneumatic/pneumatic_redundancy_validator_factory.py", "18", "0", "100%"
"scaralang/core/service/linter/rules/state/__init__.py", "9", "0", "100%"
"scaralang/core/service/linter/rules/state/imotor_mode_validator.py", "18", "0", "100%"
"scaralang/core/service/linter/rules/state/istate_homing_validator.py", "18", "0", "100%"
"scaralang/core/service/linter/rules/state/istate_zone_validator.py", "19", "0", "100%"
"scaralang/core/service/linter/rules/state/motor_mode_validator.py", "35", "0", "100%"
"scaralang/core/service/linter/rules/state/motor_mode_validator_factory.py", "18", "0", "100%"
"scaralang/core/service/linter/rules/state/state_homing_validator.py", "20", "1", "95%"
"scaralang/core/service/linter/rules/state/state_homing_validator_factory.py", "18", "0", "100%"
"scaralang/core/service/linter/rules/state/state_lint_rule.py", "38", "0", "100%"
"scaralang/core/service/linter/rules/state/state_lint_rule_factory.py", "28", "0", "100%"
"scaralang/core/service/linter/rules/state/state_zone_validator.py", "37", "1", "97%"
"scaralang/core/service/linter/rules/state/state_zone_validator_factory.py", "18", "0", "100%"
"scaralang/core/service/linter/rules/timing/__init__.py", "9", "0", "100%"
"scaralang/core/service/linter/rules/timing/itiming_blend_zone_validator.py", "19", "0", "100%"
"scaralang/core/service/linter/rules/timing/itiming_dwell_validator.py", "18", "0", "100%"
"scaralang/core/service/linter/rules/timing/timing_blend_zone_validator.py", "27", "1", "96%"
"scaralang/core/service/linter/rules/timing/timing_blend_zone_validator_factory.py", "18", "0", "100%"
"scaralang/core/service/linter/rules/timing/timing_dwell_validator.py", "27", "1", "96%"
"scaralang/core/service/linter/rules/timing/timing_dwell_validator_factory.py", "18", "0", "100%"
"scaralang/core/service/linter/rules/timing/timing_lint_rule.py", "33", "0", "100%"
"scaralang/core/service/linter/rules/timing/timing_lint_rule_factory.py", "25", "0", "100%"
"scaralang/core/service/linter/scara_linter.py", "34", "0", "100%"
"scaralang/core/service/linter/scara_linter_factory.py", "27", "0", "100%"
"scaralang/core/service/motor/__init__.py", "9", "0", "100%"
"scaralang/core/service/motor/motor_config_factory.py", "51", "0", "100%"
"scaralang/core/service/motor/motor_drive_mode_resolver.py", "28", "0", "100%"
"scaralang/core/service/motor/motor_interface_resolver.py", "30", "0", "100%"
"scaralang/core/service/motor/motor_wire_mode_converter.py", "25", "0", "100%"
"scaralang/core/service/parser/__init__.py", "9", "0", "100%"
"scaralang/core/service/parser/commands/__init__.py", "9", "0", "100%"
"scaralang/core/service/parser/commands/config/__init__.py", "9", "0", "100%"
"scaralang/core/service/parser/commands/config/accel_config_parser.py", "26", "0", "100%"
"scaralang/core/service/parser/commands/config/config_command_parser_factory.py", "24", "0", "100%"
"scaralang/core/service/parser/commands/config/elbow_config_parser.py", "32", "0", "100%"
"scaralang/core/service/parser/commands/config/motor_config_parser.py", "56", "0", "100%"
"scaralang/core/service/parser/commands/config/override_config_parser.py", "26", "0", "100%"
"scaralang/core/service/parser/commands/config/speed_config_parser.py", "30", "0", "100%"
"scaralang/core/service/parser/commands/config/tool_orient_command_parser.py", "36", "0", "100%"
"scaralang/core/service/parser/commands/config/zone_command_parser.py", "34", "0", "100%"
"scaralang/core/service/parser/commands/flow/__init__.py", "9", "0", "100%"
"scaralang/core/service/parser/commands/flow/disable_command_parser.py", "23", "0", "100%"
"scaralang/core/service/parser/commands/flow/enable_command_parser.py", "23", "0", "100%"
"scaralang/core/service/parser/commands/flow/estop_command_parser.py", "23", "0", "100%"
"scaralang/core/service/parser/commands/flow/flow_command_parser_factory.py", "24", "0", "100%"
"scaralang/core/service/parser/commands/flow/hold_command_parser.py", "23", "0", "100%"
"scaralang/core/service/parser/commands/flow/resume_command_parser.py", "23", "0", "100%"
"scaralang/core/service/parser/commands/flow/sync_command_parser.py", "23", "0", "100%"
"scaralang/core/service/parser/commands/flow/wait_command_parser.py", "28", "0", "100%"
"scaralang/core/service/parser/commands/frame/__init__.py", "9", "0", "100%"
"scaralang/core/service/parser/commands/frame/frame_command_parser_factory.py", "19", "0", "100%"
"scaralang/core/service/parser/commands/frame/frame_reset_command_parser.py", "23", "0", "100%"
"scaralang/core/service/parser/commands/frame/frame_set_command_parser.py", "24", "0", "100%"
"scaralang/core/service/parser/commands/icommand_parser.py", "18", "0", "100%"
"scaralang/core/service/parser/commands/icommand_parser_provider.py", "18", "0", "100%"
"scaralang/core/service/parser/commands/macro/__init__.py", "9", "0", "100%"
"scaralang/core/service/parser/commands/macro/jump_command_parser.py", "24", "0", "100%"
"scaralang/core/service/parser/commands/macro/macro_command_parser_factory.py", "20", "0", "100%"
"scaralang/core/service/parser/commands/macro/pallet_def_command_parser.py", "31", "0", "100%"
"scaralang/core/service/parser/commands/macro/pallet_move_command_parser.py", "31", "0", "100%"
"scaralang/core/service/parser/commands/motion/__init__.py", "9", "0", "100%"
"scaralang/core/service/parser/commands/motion/approach_command_parser.py", "23", "0", "100%"
"scaralang/core/service/parser/commands/motion/arc_command_parser.py", "25", "0", "100%"
"scaralang/core/service/parser/commands/motion/home_command_parser.py", "22", "0", "100%"
"scaralang/core/service/parser/commands/motion/jog_command_parser.py", "34", "0", "100%"
"scaralang/core/service/parser/commands/motion/joint_move_command_parser.py", "23", "0", "100%"
"scaralang/core/service/parser/commands/motion/linear_move_command_parser.py", "23", "0", "100%"
"scaralang/core/service/parser/commands/motion/motion_command_parser_factory.py", "25", "0", "100%"
"scaralang/core/service/parser/commands/motion/probe_command_parser.py", "24", "0", "100%"
"scaralang/core/service/parser/commands/motion/retract_command_parser.py", "23", "0", "100%"
"scaralang/core/service/parser/commands/parameter/__init__.py", "9", "0", "100%"
"scaralang/core/service/parser/commands/parameter/parameter_extractor.py", "39", "0", "100%"
"scaralang/core/service/parser/commands/tool/__init__.py", "9", "0", "100%"
"scaralang/core/service/parser/commands/tool/pump_command_parser.py", "31", "0", "100%"
"scaralang/core/service/parser/commands/tool/tool_command_parser.py", "31", "0", "100%"
"scaralang/core/service/parser/commands/tool/tool_command_parser_factory.py", "20", "0", "100%"
"scaralang/core/service/parser/commands/tool/valve_command_parser.py", "31", "0", "100%"
"scaralang/core/service/parser/instruction/__init__.py", "9", "0", "100%"
"scaralang/core/service/parser/instruction/iinstruction_line_parser.py", "20", "0", "100%"
"scaralang/core/service/parser/instruction/instruction_line_parser.py", "51", "0", "100%"
"scaralang/core/service/parser/instruction/instruction_line_parser_factory.py", "36", "0", "100%"
"scaralang/core/service/parser/iscara_parser.py", "19", "0", "100%"
"scaralang/core/service/parser/lexer/__init__.py", "9", "0", "100%"
"scaralang/core/service/parser/lexer/iscara_lexer.py", "16", "0", "100%"
"scaralang/core/service/parser/lexer/scara_lexer.py", "45", "1", "98%"
"scaralang/core/service/parser/lexer/scara_lexer_factory.py", "18", "0", "100%"
"scaralang/core/service/parser/scara_parser.py", "30", "0", "100%"
"scaralang/core/service/parser/scara_parser_factory.py", "31", "0", "100%"
"scaralang/core/service/parser/splitter/__init__.py", "9", "0", "100%"
"scaralang/core/service/parser/splitter/itoken_line_splitter.py", "17", "0", "100%"
"scaralang/core/service/parser/splitter/token_line_splitter.py", "29", "0", "100%"
"scaralang/core/service/parser/splitter/token_line_splitter_factory.py", "18", "0", "100%"
"scaralang/core/service/protocol/__init__.py", "9", "0", "100%"
"scaralang/core/service/protocol/ibinary_frame_builder.py", "25", "0", "100%"
"scaralang/core/service/protocol/ibinary_frame_parser.py", "18", "0", "100%"
"scaralang/core/service/protocol/ibinary_payload_unpacker.py", "20", "0", "100%"
"scaralang/core/service/trajectory/__init__.py", "9", "0", "100%"
"scaralang/core/service/trajectory/discretization/__init__.py", "9", "0", "100%"
"scaralang/core/service/trajectory/discretization/ishape_discretizer.py", "20", "0", "100%"
"scaralang/core/service/trajectory/discretization/shape_discretizer.py", "34", "0", "100%"
"scaralang/core/service/trajectory/discretization/shape_discretizer_factory.py", "18", "0", "100%"
"scaralang/core/service/trajectory/metrics/__init__.py", "9", "0", "100%"
"scaralang/core/service/trajectory/metrics/bottleneck/__init__.py", "9", "0", "100%"
"scaralang/core/service/trajectory/metrics/bottleneck/imotion_bottleneck_detector.py", "18", "0", "100%"
"scaralang/core/service/trajectory/metrics/bottleneck/motion_bottleneck_detector.py", "34", "0", "100%"
"scaralang/core/service/trajectory/metrics/bottleneck/motion_bottleneck_detector_factory.py", "18", "0", "100%"
"scaralang/core/service/trajectory/metrics/cycle/__init__.py", "9", "0", "100%"
"scaralang/core/service/trajectory/metrics/cycle/cycle_time_calculator.py", "41", "0", "100%"
"scaralang/core/service/trajectory/metrics/cycle/cycle_time_calculator_factory.py", "18", "0", "100%"
"scaralang/core/service/trajectory/metrics/cycle/icycle_time_calculator.py", "18", "0", "100%"
"scaralang/core/service/trajectory/metrics/profile/__init__.py", "9", "0", "100%"
"scaralang/core/service/trajectory/metrics/profile/axis_speed_profile_analyzer.py", "46", "0", "100%"
"scaralang/core/service/trajectory/metrics/profile/axis_speed_profile_analyzer_factory.py", "18", "0", "100%"
"scaralang/core/service/trajectory/metrics/profile/iaxis_speed_profile_analyzer.py", "18", "0", "100%"
"scaralang/core/service/trajectory/metrics/summary/__init__.py", "9", "0", "100%"
"scaralang/core/service/trajectory/metrics/summary/itrajectory_cycle_summary_builder.py", "19", "0", "100%"
"scaralang/core/service/trajectory/metrics/summary/trajectory_cycle_summary_builder.py", "34", "0", "100%"
"scaralang/core/service/trajectory/metrics/summary/trajectory_cycle_summary_builder_factory.py", "21", "0", "100%"
"scaralang/core/service/trajectory/metrics/trajectory_metrics.py", "40", "0", "100%"
"scaralang/core/service/trajectory/plan/__init__.py", "9", "0", "100%"
"scaralang/core/service/trajectory/plan/itrajectory_mutable.py", "22", "0", "100%"
"scaralang/core/service/trajectory/plan/itrajectory_plan.py", "13", "0", "100%"
"scaralang/core/service/trajectory/plan/itrajectory_plan_factory.py", "17", "0", "100%"
"scaralang/core/service/trajectory/plan/itrajectory_read_only.py", "20", "0", "100%"
"scaralang/core/service/trajectory/plan/trajectory_plan.py", "42", "0", "100%"
"scaralang/core/service/trajectory/plan/trajectory_plan_factory.py", "22", "0", "100%"
"scaralang/core/service/trajectory/validation/__init__.py", "9", "0", "100%"
"scaralang/core/service/trajectory/validation/feedrate/__init__.py", "9", "0", "100%"
"scaralang/core/service/trajectory/validation/feedrate/feedrate_validator.py", "25", "0", "100%"
"scaralang/core/service/trajectory/validation/feedrate/feedrate_validator_factory.py", "19", "0", "100%"
"scaralang/core/service/trajectory/validation/feedrate/ifeedrate_validator.py", "17", "0", "100%"
"scaralang/core/service/trajectory/validation/itrajectory_validator.py", "28", "0", "100%"
"scaralang/core/service/trajectory/validation/plan/__init__.py", "9", "0", "100%"
"scaralang/core/service/trajectory/validation/plan/itrajectory_plan_validator.py", "16", "0", "100%"
"scaralang/core/service/trajectory/validation/plan/trajectory_plan_validator.py", "44", "0", "100%"
"scaralang/core/service/trajectory/validation/plan/trajectory_plan_validator_factory.py", "20", "0", "100%"
"scaralang/core/service/trajectory/validation/trajectory_validator.py", "46", "0", "100%"
"scaralang/core/service/trajectory/validation/trajectory_validator_factory.py", "28", "0", "100%"
"scaralang/core/service/trajectory/validation/waypoint/__init__.py", "9", "0", "100%"
"scaralang/core/service/trajectory/validation/waypoint/iwaypoint_validator.py", "18", "0", "100%"
"scaralang/core/service/trajectory/validation/waypoint/waypoint_validator.py", "31", "4", "87%"
"scaralang/core/service/trajectory/validation/waypoint/waypoint_validator_factory.py", "19", "0", "100%"
"scaralang/engine.py", "60", "27", "55%"
"scaralang/infrastructure/__init__.py", "9", "0", "100%"
"scaralang/infrastructure/cli/__init__.py", "9", "0", "100%"
"scaralang/infrastructure/cli/engine.py", "43", "11", "74%"
"scaralang/infrastructure/cli/icli.py", "15", "0", "100%"
"scaralang/infrastructure/cli/repl/__init__.py", "9", "0", "100%"
"scaralang/infrastructure/cli/repl/compiler/__init__.py", "9", "0", "100%"
"scaralang/infrastructure/cli/repl/compiler/irepl_single_command_compiler.py", "17", "0", "100%"
"scaralang/infrastructure/cli/repl/compiler/repl_single_command_compiler.py", "45", "1", "98%"
"scaralang/infrastructure/cli/repl/compiler/repl_single_command_compiler_factory.py", "18", "0", "100%"
"scaralang/infrastructure/cli/repl/dispatch/__init__.py", "9", "0", "100%"
"scaralang/infrastructure/cli/repl/dispatch/irepl_command_dispatcher.py", "18", "0", "100%"
"scaralang/infrastructure/cli/repl/dispatch/repl_command_dispatcher.py", "37", "0", "100%"
"scaralang/infrastructure/cli/repl/dispatch/repl_command_dispatcher_factory.py", "17", "0", "100%"
"scaralang/infrastructure/cli/repl/input/__init__.py", "9", "0", "100%"
"scaralang/infrastructure/cli/repl/input/irepl_line_reader.py", "14", "0", "100%"
"scaralang/infrastructure/cli/repl/input/repl_line_reader.py", "20", "0", "100%"
"scaralang/infrastructure/cli/repl/input/repl_line_reader_factory.py", "21", "0", "100%"
"scaralang/infrastructure/cli/repl/presentation/__init__.py", "9", "0", "100%"
"scaralang/infrastructure/cli/repl/presentation/irepl_response_presenter.py", "19", "0", "100%"
"scaralang/infrastructure/cli/repl/presentation/repl_response_presenter.py", "25", "0", "100%"
"scaralang/infrastructure/cli/repl/presentation/repl_response_presenter_factory.py", "17", "0", "100%"
"scaralang/infrastructure/cli/repl/transmission/__init__.py", "9", "0", "100%"
"scaralang/infrastructure/cli/repl/transmission/irepl_frame_transmitter.py", "16", "0", "100%"
"scaralang/infrastructure/cli/repl/transmission/repl_frame_transmitter.py", "24", "0", "100%"
"scaralang/infrastructure/cli/repl/transmission/repl_frame_transmitter_factory.py", "17", "0", "100%"
"scaralang/infrastructure/cli/setup/__init__.py", "9", "0", "100%"
"scaralang/infrastructure/cli/setup/bundle.py", "22", "1", "95%"
"scaralang/infrastructure/cli/setup/dep_validator.py", "37", "5", "86%"
"scaralang/infrastructure/cli/setup/dependencies.py", "18", "0", "100%"
"scaralang/infrastructure/cli/setup/factory.py", "26", "0", "100%"
"scaralang/infrastructure/cli/setup/keys.py", "26", "0", "100%"
"scaralang/infrastructure/cli/setup/opt_validator.py", "35", "5", "86%"
"scaralang/infrastructure/cli/setup/options.py", "15", "0", "100%"
"scaralang/infrastructure/cli/setup/registry.py", "31", "0", "100%"
"scaralang/infrastructure/cli/setup/validator.py", "43", "5", "88%"
"scaralang/infrastructure/command/__init__.py", "9", "0", "100%"
"scaralang/infrastructure/command/command_bundle.py", "16", "0", "100%"
"scaralang/infrastructure/command/command_bundle_factory.py", "47", "0", "100%"
"scaralang/infrastructure/command/compile/__init__.py", "9", "0", "100%"
"scaralang/infrastructure/command/compile/compile_command_definition.py", "24", "0", "100%"
"scaralang/infrastructure/command/compile/compile_command_executor.py", "56", "5", "91%"
"scaralang/infrastructure/command/compile/compile_command_executor_factory.py", "26", "0", "100%"
"scaralang/infrastructure/command/compile/inspection/__init__.py", "9", "0", "100%"
"scaralang/infrastructure/command/compile/inspection/framing/__init__.py", "9", "0", "100%"
"scaralang/infrastructure/command/compile/inspection/framing/frame_header_formatter.py", "15", "0", "100%"
"scaralang/infrastructure/command/compile/inspection/framing/frame_header_formatter_factory.py", "17", "0", "100%"
"scaralang/infrastructure/command/compile/inspection/framing/frame_trailer_formatter.py", "12", "0", "100%"
"scaralang/infrastructure/command/compile/inspection/framing/frame_trailer_formatter_factory.py", "17", "0", "100%"
"scaralang/infrastructure/command/compile/inspection/framing/hex_stream_formatter.py", "19", "0", "100%"
"scaralang/infrastructure/command/compile/inspection/framing/hex_stream_formatter_factory.py", "17", "0", "100%"
"scaralang/infrastructure/command/compile/inspection/framing/iframe_header_formatter.py", "15", "0", "100%"
"scaralang/infrastructure/command/compile/inspection/framing/iframe_trailer_formatter.py", "14", "0", "100%"
"scaralang/infrastructure/command/compile/inspection/framing/ihex_stream_formatter.py", "15", "0", "100%"
"scaralang/infrastructure/command/compile/inspection/payload/__init__.py", "9", "0", "100%"
"scaralang/infrastructure/command/compile/inspection/payload/ijoint_steps_payload_formatter.py", "15", "0", "100%"
"scaralang/infrastructure/command/compile/inspection/payload/ipayload_dispatcher_formatter.py", "15", "0", "100%"
"scaralang/infrastructure/command/compile/inspection/payload/itool_command_payload_formatter.py", "14", "0", "100%"
"scaralang/infrastructure/command/compile/inspection/payload/joint_steps_payload_formatter.py", "22", "0", "100%"
"scaralang/infrastructure/command/compile/inspection/payload/joint_steps_payload_formatter_factory.py", "18", "0", "100%"
"scaralang/infrastructure/command/compile/inspection/payload/payload_dispatcher_formatter.py", "42", "5", "88%"
"scaralang/infrastructure/command/compile/inspection/payload/payload_dispatcher_formatter_factory.py", "25", "0", "100%"
"scaralang/infrastructure/command/compile/inspection/payload/tool_command_payload_formatter.py", "21", "0", "100%"
"scaralang/infrastructure/command/compile/inspection/payload/tool_command_payload_formatter_factory.py", "18", "0", "100%"
"scaralang/infrastructure/command/compile/inspection/presentation/__init__.py", "9", "0", "100%"
"scaralang/infrastructure/command/compile/inspection/presentation/frame_step_presenter.py", "33", "0", "100%"
"scaralang/infrastructure/command/compile/inspection/presentation/frame_step_presenter_factory.py", "21", "0", "100%"
"scaralang/infrastructure/command/compile/inspection/presentation/iframe_step_presenter.py", "15", "0", "100%"
"scaralang/infrastructure/command/compile/inspection/presentation/iprogram_inspection_presenter.py", "15", "0", "100%"
"scaralang/infrastructure/command/compile/inspection/presentation/program_inspection_presenter.py", "24", "0", "100%"
"scaralang/infrastructure/command/compile/inspection/presentation/program_inspection_presenter_factory.py", "18", "0", "100%"
"scaralang/infrastructure/command/compile/telemetry/__init__.py", "9", "0", "100%"
"scaralang/infrastructure/command/compile/telemetry/compile_telemetry_formatter.py", "14", "0", "100%"
"scaralang/infrastructure/command/compile/telemetry/compile_telemetry_formatter_factory.py", "17", "0", "100%"
"scaralang/infrastructure/command/compile/telemetry/icompile_telemetry_formatter.py", "14", "0", "100%"
"scaralang/infrastructure/command/disassemble/__init__.py", "9", "0", "100%"
"scaralang/infrastructure/command/disassemble/disassemble_command_definition.py", "24", "0", "100%"
"scaralang/infrastructure/command/disassemble/disassemble_command_executor.py", "44", "2", "95%"
"scaralang/infrastructure/command/disassemble/disassemble_command_executor_factory.py", "24", "0", "100%"
"scaralang/infrastructure/command/disassemble/format/__init__.py", "9", "0", "100%"
"scaralang/infrastructure/command/disassemble/format/disassemble_summary_formatter.py", "14", "0", "100%"
"scaralang/infrastructure/command/disassemble/format/disassemble_summary_formatter_factory.py", "17", "0", "100%"
"scaralang/infrastructure/command/disassemble/format/idisassemble_summary_formatter.py", "14", "0", "100%"
"scaralang/infrastructure/command/export/__init__.py", "9", "0", "100%"
"scaralang/infrastructure/command/export/export_command_definition.py", "24", "0", "100%"
"scaralang/infrastructure/command/export/export_command_executor.py", "45", "2", "96%"
"scaralang/infrastructure/command/export/export_command_executor_factory.py", "24", "0", "100%"
"scaralang/infrastructure/command/icommand_definition.py", "14", "0", "100%"
"scaralang/infrastructure/command/icommand_executor.py", "14", "0", "100%"
"scaralang/infrastructure/command/info/__init__.py", "9", "0", "100%"
"scaralang/infrastructure/command/info/info_command_definition.py", "24", "0", "100%"
"scaralang/infrastructure/command/info/info_command_executor.py", "22", "0", "100%"
"scaralang/infrastructure/command/info/info_command_executor_factory.py", "22", "0", "100%"
"scaralang/infrastructure/command/lint/__init__.py", "9", "0", "100%"
"scaralang/infrastructure/command/lint/lint_command_definition.py", "24", "0", "100%"
"scaralang/infrastructure/command/lint/lint_command_executor.py", "39", "2", "95%"
"scaralang/infrastructure/command/lint/lint_command_executor_factory.py", "24", "0", "100%"
"scaralang/infrastructure/command/repl/__init__.py", "9", "0", "100%"
"scaralang/infrastructure/command/repl/repl_command_definition.py", "24", "0", "100%"
"scaralang/infrastructure/command/repl/repl_command_executor.py", "76", "2", "97%"
"scaralang/infrastructure/command/repl/repl_command_executor_factory.py", "33", "0", "100%"
"scaralang/infrastructure/communication/__init__.py", "9", "0", "100%"
"scaralang/infrastructure/communication/protocol/__init__.py", "9", "0", "100%"
"scaralang/infrastructure/communication/protocol/binary/__init__.py", "9", "0", "100%"
"scaralang/infrastructure/communication/protocol/binary/binary_struct_format.py", "23", "0", "100%"
"scaralang/infrastructure/communication/protocol/binary/builder/__init__.py", "9", "0", "100%"
"scaralang/infrastructure/communication/protocol/binary/builder/binary_frame_builder.py", "57", "0", "100%"
"scaralang/infrastructure/communication/protocol/binary/builder/binary_frame_builder_factory.py", "18", "1", "94%"
"scaralang/infrastructure/communication/protocol/binary/checksum/__init__.py", "9", "0", "100%"
"scaralang/infrastructure/communication/protocol/binary/checksum/crc16_ccitt.py", "30", "0", "100%"
"scaralang/infrastructure/communication/protocol/binary/parser/__init__.py", "9", "0", "100%"
"scaralang/infrastructure/communication/protocol/binary/parser/binary_frame_assembler.py", "27", "1", "96%"
"scaralang/infrastructure/communication/protocol/binary/parser/binary_frame_assembler_factory.py", "18", "0", "100%"
"scaralang/infrastructure/communication/protocol/binary/parser/binary_frame_parser.py", "91", "0", "100%"
"scaralang/infrastructure/communication/protocol/binary/parser/binary_frame_parser_factory.py", "26", "0", "100%"
"scaralang/infrastructure/communication/protocol/binary/parser/binary_payload_unpacker.py", "48", "3", "94%"
"scaralang/infrastructure/communication/protocol/binary/parser/binary_payload_unpacker_factory.py", "18", "0", "100%"
"scaralang/infrastructure/communication/protocol/binary/parser/ibinary_frame_assembler.py", "17", "0", "100%"
"scaralang/infrastructure/communication/protocol/binary/parser/parser_state.py", "20", "0", "100%"
"scaralang/setup/__init__.py", "9", "0", "100%"
"scaralang/setup/bundle.py", "21", "0", "100%"
"scaralang/setup/dep_validator.py", "36", "5", "86%"
"scaralang/setup/dependencies.py", "17", "0", "100%"
"scaralang/setup/factory.py", "50", "1", "98%"
"scaralang/setup/keys.py", "26", "1", "96%"
"scaralang/setup/opt_validator.py", "34", "14", "59%"
"scaralang/setup/options.py", "13", "0", "100%"
"scaralang/setup/registry.py", "30", "0", "100%"
"scaralang/setup/validator.py", "43", "0", "100%"
"Total", "11411", "128", "99%"
